Class Name,Unique,Day + Hour,Room,Instruction Mode,Instructor,Status,Flags,Core
N  355P ADULT HEALTH NURSING II (PRAC)         ,57120,"(('M', '6:30 a.m.-2:00 p.m.'), ('M', '2:00 p.m.-3:30 p.m.'))",NUR 5.150,Face-to-face,"BLANK, ADAM",open; reserved,Independent Inquiry,
N  355P ADULT HEALTH NURSING II (PRAC)         ,57125,"(('M', '6:30 a.m.-2:00 p.m.'), ('M', '2:00 p.m.-3:30 p.m.'))",NUR 5.165,Face-to-face,"AYERS, KATIE RENEE",open; reserved,Independent Inquiry,
N  277P CLINICAL CARE MANAGEMENT PRAC         ,57330,"(('M', '6:30 a.m.-2:30 p.m.'), ('M', '2:30 p.m.-3:30 p.m.'))",NUR 5.167,Face-to-face,"BRUNGOT, LARISSA KAY",open; reserved,,
N  277P CLINICAL CARE MANAGEMENT PRAC         ,57335,"(('M', '6:30 a.m.-2:30 p.m.'), ('M', '2:30 p.m.-3:30 p.m.'))",NUR 5.174,Face-to-face,"BAKER, JENISE L",open; reserved,,
N  489F ADULT-GERON CNS: ACUTE CARE         ,57510,"(('M', '6:30 a.m.-3:00 p.m.'), ('T', '1:00 p.m.-3:00 p.m.'))",NUR 3.170,Face-to-face,"DELVILLE, CAROL L",open,,
N  489F ADULT-GERON CNS: ACUTE CARE         ,57515,"(('M', '6:30 a.m.-3:00 p.m.'), ('T', '1:00 p.m.-3:00 p.m.'))",NUR 3.172,Face-to-face,"DELVILLE, CAROL LCOOK-ROUSEY, SHERRI LYN",open,,
N  489F ADULT-GERON CNS: ACUTE CARE         ,57520,"(('M', '6:30 a.m.-3:00 p.m.'), ('T', '1:00 p.m.-3:00 p.m.'))",NUR 3.170,Face-to-face,"DELVILLE, CAROL L",open; reserved,,
N  290T PERINATAL NURSING PRACTICUM         ,57635,"(('M', '6:30 a.m.-2:30 p.m.'), ('TH', '8:00 a.m.-5:00 p.m.'))",,Face-to-face,"SENNET, KIMBERLY F",open,,
N  290T PERINATAL NURSING PRACTICUM         ,57640,"(('M', '6:30 a.m.-2:30 p.m.'), ('TH', '8:00 a.m.-5:00 p.m.'))",,Face-to-face,"HENSLEY, JENNIFER GMURPHY, LAURA E",open,,
CH  204 INTRO TO CHEMICAL PRACTICE         ,49465,"(('M', '8:00 a.m.-9:00 a.m.'), ('M', '9:00 a.m.-1:00 p.m.'))",WEL 2.224WEL 5.130,Face-to-face,"SOTELO, PAOLA",open,Quantitative Reasoning,
CH  204 INTRO TO CHEMICAL PRACTICE         ,49470,"(('M', '8:00 a.m.-9:00 a.m.'), ('M', '9:00 a.m.-1:00 p.m.'))",WEL 2.224WEL 5.132,Face-to-face,"SOTELO, PAOLA",open,Quantitative Reasoning,
CH  204 INTRO TO CHEMICAL PRACTICE         ,49475,"(('M', '8:00 a.m.-9:00 a.m.'), ('M', '9:00 a.m.-1:00 p.m.'))",WEL 2.224WEL 5.134,Face-to-face,"SOTELO, PAOLA",open,Quantitative Reasoning,
CH  204 INTRO TO CHEMICAL PRACTICE         ,49480,"(('M', '8:00 a.m.-9:00 a.m.'), ('M', '9:00 a.m.-1:00 p.m.'))",WEL 2.224WEL 5.136,Face-to-face,"SOTELO, PAOLA",open,Quantitative Reasoning,
CH  204 INTRO TO CHEMICAL PRACTICE         ,49485,"(('M', '8:00 a.m.-9:00 a.m.'), ('M', '9:00 a.m.-1:00 p.m.'))",WEL 2.224WEL 5.146,Face-to-face,"SOTELO, PAOLA",open,Quantitative Reasoning,
CH  204 INTRO TO CHEMICAL PRACTICE         ,49490,"(('M', '8:00 a.m.-9:00 a.m.'), ('T', '9:00 a.m.-1:00 p.m.'))",WEL 2.224WEL 5.130,Face-to-face,"SOTELO, PAOLA",open,Quantitative Reasoning,
CH  204 INTRO TO CHEMICAL PRACTICE         ,49495,"(('M', '8:00 a.m.-9:00 a.m.'), ('T', '9:00 a.m.-1:00 p.m.'))",WEL 2.224WEL 5.132,Face-to-face,"SOTELO, PAOLA",open,Quantitative Reasoning,
CH  204 INTRO TO CHEMICAL PRACTICE         ,49500,"(('M', '8:00 a.m.-9:00 a.m.'), ('T', '9:00 a.m.-1:00 p.m.'))",WEL 2.224WEL 5.134,Face-to-face,"SOTELO, PAOLA",open,Quantitative Reasoning,
CH  204 INTRO TO CHEMICAL PRACTICE         ,49510,"(('M', '8:00 a.m.-9:00 a.m.'), ('T', '9:00 a.m.-1:00 p.m.'))",WEL 2.224WEL 5.146,Face-to-face,"SOTELO, PAOLA",open,Quantitative Reasoning,
CH  204 INTRO TO CHEMICAL PRACTICE         ,49515,"(('M', '8:00 a.m.-9:00 a.m.'), ('W', '9:00 a.m.-1:00 p.m.'))",WEL 2.224WEL 5.130,Face-to-face,"SOTELO, PAOLA",open,Quantitative Reasoning,
CH  204 INTRO TO CHEMICAL PRACTICE         ,49520,"(('M', '8:00 a.m.-9:00 a.m.'), ('W', '9:00 a.m.-1:00 p.m.'))",WEL 2.224WEL 5.132,Face-to-face,"SOTELO, PAOLA",open,Quantitative Reasoning,
CH  204 INTRO TO CHEMICAL PRACTICE         ,49525,"(('M', '8:00 a.m.-9:00 a.m.'), ('W', '9:00 a.m.-1:00 p.m.'))",WEL 2.224WEL 5.134,Face-to-face,"SOTELO, PAOLA",open,Quantitative Reasoning,
CH  204 INTRO TO CHEMICAL PRACTICE         ,49535,"(('M', '8:00 a.m.-9:00 a.m.'), ('W', '9:00 a.m.-1:00 p.m.'))",WEL 2.224WEL 5.146,Face-to-face,"SOTELO, PAOLA",open,Quantitative Reasoning,
CH  204 INTRO TO CHEMICAL PRACTICE         ,49540,"(('M', '8:00 a.m.-9:00 a.m.'), ('TH', '9:00 a.m.-1:00 p.m.'))",WEL 2.224WEL 5.132,Face-to-face,"SOTELO, PAOLA",open,Quantitative Reasoning,
CH  204 INTRO TO CHEMICAL PRACTICE         ,49545,"(('M', '8:00 a.m.-9:00 a.m.'), ('TH', '9:00 a.m.-1:00 p.m.'))",WEL 2.224WEL 5.134,Face-to-face,"SOTELO, PAOLA",open,Quantitative Reasoning,
CH  204 INTRO TO CHEMICAL PRACTICE         ,49555,"(('M', '8:00 a.m.-9:00 a.m.'), ('TH', '9:00 a.m.-1:00 p.m.'))",WEL 2.224WEL 5.146,Face-to-face,"SOTELO, PAOLA",open,Quantitative Reasoning,
CH  204 INTRO TO CHEMICAL PRACTICE         ,49560,"(('M', '8:00 a.m.-9:00 a.m.'), ('F', '9:00 a.m.-1:00 p.m.'))",,Face-to-face,"SOTELO, PAOLA",cancelled,Quantitative Reasoning,
CH  204 INTRO TO CHEMICAL PRACTICE         ,49565,"(('M', '8:00 a.m.-9:00 a.m.'), ('F', '9:00 a.m.-1:00 p.m.'))",,Face-to-face,"SOTELO, PAOLA",cancelled,Quantitative Reasoning,
CH  204 INTRO TO CHEMICAL PRACTICE         ,49570,"(('M', '8:00 a.m.-9:00 a.m.'), ('F', '9:00 a.m.-1:00 p.m.'))",,Face-to-face,"SOTELO, PAOLA",cancelled,Quantitative Reasoning,
CH  204 INTRO TO CHEMICAL PRACTICE         ,49580,"(('M', '8:00 a.m.-9:00 a.m.'), ('F', '9:00 a.m.-1:00 p.m.'))",,Face-to-face,"SOTELO, PAOLA",cancelled,Quantitative Reasoning,
CHE  264 CHEM ENGR PROCESS AND PROJ LAB         ,15385,"(('M', '8:00 a.m.-9:00 a.m.'), ('M', '3:00 p.m.-7:00 p.m.'))",CPE 2.218CPE 1.440,Face-to-face,"LANDAVERDE ALVARADO, CARL",open; reserved,Writing,
CHE  264 CHEM ENGR PROCESS AND PROJ LAB         ,15390,"(('M', '8:00 a.m.-9:00 a.m.'), ('W', '3:00 p.m.-7:00 p.m.'))",CPE 2.218CPE 1.440,Face-to-face,"LANDAVERDE ALVARADO, CARL",open; reserved,Writing,
N  375P PUBLIC HLTH NURSING PRACTICUM         ,57290,"(('M', '8:00 a.m.-3:30 p.m.'), ('TH', '9:00 a.m.-12:00 p.m.'))",NUR 4.154,Face-to-face,"MURRY, NICOLE STREUDING",open; reserved,Writing,
N  375P PUBLIC HLTH NURSING PRACTICUM         ,57295,"(('M', '8:00 a.m.-3:30 p.m.'), ('TH', '9:00 a.m.-12:00 p.m.'))",NUR 4.165,Face-to-face,"HORTON, SHALONDA E",open; reserved,Writing,
N  375P PUBLIC HLTH NURSING PRACTICUM         ,57300,"(('M', '8:00 a.m.-3:30 p.m.'), ('TH', '9:00 a.m.-12:00 p.m.'))",NUR 5.176,Face-to-face,"MORRIS, LISA KSHERMAN, AMBER NICOLE",open; reserved,Writing,
BIO  337 2-RESEARCH METHODS: UTEACH         ,48370,"(('M', '9:00 a.m.-11:00 a.m.'), ('W', '9:00 a.m.-11:00 a.m.'))",PAI 4.08PAI 4.14,Face-to-face,"BUCKLEY, DEANNA",open,Independent InquiryWritingQuantitative Reasoning,
CH  368 1-RESEARCH METHODS: UTEACH         ,50375,"(('M', '9:00 a.m.-11:00 a.m.'), ('W', '9:00 a.m.-11:00 a.m.'))",PAI 4.08PAI 4.14,Face-to-face,"BUCKLEY, DEANNA",open,Quantitative ReasoningIndependent InquiryWriting,
PHM  182V PHARMACY PRACTICE LAB II         ,58580,"(('M', '9:00 a.m.-10:00 a.m.'), ('T', '1:30 p.m.-4:30 p.m.'))",PHR 2.110PHR 4.212A,Face-to-face,"KARBOSKI, JAMES ARUSH, SHARON KWEAVER, TERRY HBROWN, CAROLYN MHILL, LUCAS GRANTTEMPLE, HOLLI LCASTLEBERRY, ASHLEY NICOL",open,,
PHM  182V PHARMACY PRACTICE LAB II         ,58585,"(('M', '9:00 a.m.-10:00 a.m.'), ('TH', '1:30 p.m.-4:30 p.m.'))",PHR 2.110PHR 4.212A,Face-to-face,"KARBOSKI, JAMES ARUSH, SHARON KWEAVER, TERRY HBROWN, CAROLYN MHILL, LUCAS GRANTTEMPLE, HOLLI LCASTLEBERRY, ASHLEY NICOL",open,,
PHY  341 7-RESEARCH METHODS: UTEACH         ,56050,"(('M', '9:00 a.m.-11:00 a.m.'), ('W', '9:00 a.m.-11:00 a.m.'))",PAI 4.08PAI 4.14,Face-to-face,"BUCKLEY, DEANNA",open,Independent InquiryWritingQuantitative Reasoning,
PHY  353L MODERN PHYSICS LABORATORY         ,56060,"(('M', '9:00 a.m.-10:00 a.m.'), ('TTH', '8:00 a.m.-11:00 a.m.'))",PMA 5.120PMA 7.302,Face-to-face,"SITZ, GREG O",open,Writing,
PHY  353L MODERN PHYSICS LABORATORY         ,56065,"(('M', '9:00 a.m.-10:00 a.m.'), ('MW', '2:00 p.m.-5:00 p.m.'))",PMA 5.120PMA 7.302,Face-to-face,"SITZ, GREG O",open,Writing,
PHY  353L MODERN PHYSICS LABORATORY         ,56070,"(('M', '9:00 a.m.-10:00 a.m.'), ('TTH', '2:00 p.m.-5:00 p.m.'))",PMA 5.120PMA 7.302,Face-to-face,"SITZ, GREG O",open,Writing,
T D  354T 29-TAILORING II         ,26074,"(('M', '9:00 a.m.-12:00 p.m.'), ('W', '6:00 p.m.-8:00 p.m.'))",WIN 2.170WIN 2.170,Face-to-face,"AREVALO, DAVID A",open; reserved,,
BIO  208L FIELD BIOLOGY         ,47265,"(('M', '10:00 a.m.-11:00 a.m.'), ('M', '1:00 p.m.-5:00 p.m.'))",ECJ 1.308BIO 108,Face-to-face,"MCMURRY, KAY",open,Independent InquiryWriting,
BIO  208L FIELD BIOLOGY         ,47270,"(('M', '10:00 a.m.-11:00 a.m.'), ('W', '1:00 p.m.-5:00 p.m.'))",ECJ 1.308BIO 108,Face-to-face,"MCMURRY, KAY",open,Independent InquiryWriting,
BIO  208L FIELD BIOLOGY         ,47275,"(('M', '10:00 a.m.-11:00 a.m.'), ('F', '1:00 p.m.-5:00 p.m.'))",ECJ 1.308BIO 108,Face-to-face,"MCMURRY, KAY",open,Independent InquiryWriting,
BIO  260L IMMUNOLOGY LABORATORY         ,48661,"(('M', '10:00 a.m.-11:00 a.m.'), ('M', '1:00 p.m.-5:00 p.m.'))",PMA 5.114BME 2.310,Face-to-face,"RUIZ, JULIO CESAR",open; reserved,,
BIO  260L IMMUNOLOGY LABORATORY         ,48665,"(('M', '10:00 a.m.-11:00 a.m.'), ('W', '1:00 p.m.-5:00 p.m.'))",PMA 5.114BME 2.310,Face-to-face,"RUIZ, JULIO CESAR",open; reserved,,
EDC  314 CHILDREN'S MOVEMENT         ,10473,"(('M', '10:00 a.m.-12:00 p.m.'), ('W', '8:00 a.m.-10:00 a.m.'))",SZB 4.510BEL 302,Face-to-face,"HAMILTON, XIAOFEN DENG",open,,
KIN  314 CHILDREN'S MOVEMENT         ,12235,"(('M', '10:00 a.m.-12:00 p.m.'), ('W', '8:00 a.m.-10:00 a.m.'))",SZB 4.510BEL 302,Face-to-face,"HAMILTON, XIAOFEN DENG",open; reserved,,
NTR  366L RSCH METHS IN NUTRITIONAL SCI         ,52520,"(('M', '10:00 a.m.-11:00 a.m.'), ('MW', '2:00 p.m.-5:00 p.m.'))",PAI 5.16PAI 5.30,Face-to-face,"LODI, ALESSIA",open,,
T D  354T DRAPING II         ,26030,"(('M', '10:00 a.m.-1:00 p.m.'), ('W', '6:00 p.m.-8:00 p.m.'))",WIN 2.170WIN 2.170,Face-to-face,"AREVALO, DAVID A",cancelled,,
T D  388J DRAPING II         ,26170,"(('M', '10:00 a.m.-1:00 p.m.'), ('W', '6:00 p.m.-8:00 p.m.'))",WIN 2.170WIN 2.170,Face-to-face,"AREVALO, DAVID A",cancelled,,
ADV  373 INTEGRATED COMM CAMPAIGNS         ,07150,"(('M', '11:00 a.m.-1:00 p.m.'), ('M', '1:00 p.m.-2:00 p.m.'))",DMC 4.206DMC 4.206,Face-to-face,,open; reserved,Independent Inquiry,
ADV  373 INTEGRATED COMM CAMPAIGNS         ,07155,"(('M', '11:00 a.m.-1:00 p.m.'), ('T', '1:00 p.m.-2:00 p.m.'))",DMC 4.206DMC 4.206,Face-to-face,,open; reserved,Independent Inquiry,
ADV  373 INTEGRATED COMM CAMPAIGNS         ,07160,"(('M', '11:00 a.m.-1:00 p.m.'), ('W', '1:00 p.m.-2:00 p.m.'))",DMC 4.206DMC 4.206,Face-to-face,,open; reserved,Independent Inquiry,
ADV  373 INTEGRATED COMM CAMPAIGNS         ,07165,"(('M', '11:00 a.m.-1:00 p.m.'), ('TH', '1:00 p.m.-2:00 p.m.'))",DMC 4.206DMC 4.206,Face-to-face,,open; reserved,Independent Inquiry,
ADV  373 INTEGRATED COMM CAMPAIGNS         ,07170,"(('M', '11:00 a.m.-1:00 p.m.'), ('M', '2:00 p.m.-3:00 p.m.'))",DMC 4.206DMC 4.206,Face-to-face,,open; reserved,Independent Inquiry,
ADV  373 INTEGRATED COMM CAMPAIGNS         ,07175,"(('M', '11:00 a.m.-1:00 p.m.'), ('W', '2:00 p.m.-3:00 p.m.'))",DMC 4.206DMC 4.206,Face-to-face,,open; reserved,Independent Inquiry,
BIO  331L LAB STUDIES IN MOLECULAR BIO         ,48335,"(('M', '11:00 a.m.-12:00 p.m.'), ('M', '1:00 p.m.-5:00 p.m.'))",ECJ 1.304PAI 1.30,Face-to-face,"MEHDY, MONA",open,Writing,
BIO  337 2-RESEARCH METHODS: UTEACH         ,48375,"(('M', '11:00 a.m.-1:00 p.m.'), ('W', '11:00 a.m.-1:00 p.m.'))",PAI 4.08PAI 4.14,Face-to-face,"KUMAR, PAWAN",closed,Independent InquiryWritingQuantitative Reasoning,
BIO  395L LAB STUDIES MOLECULAR BIO         ,49185,"(('M', '11:00 a.m.-12:00 p.m.'), ('M', '1:00 p.m.-5:00 p.m.'))",ECJ 1.304PAI 1.30,Face-to-face,"MEHDY, MONA",open,,
LAR  381 VISUAL COMMUNICATION I         ,01605,"(('M', '11:00 a.m.-12:30 p.m.'), ('T', '12:30 p.m.-3:30 p.m.'))",WMB 5.112WMB 5.112,Face-to-face,"HANSEN, MAGGIE",open; reserved,,
P R  377K INTEGRATED COMM CAMPAIGNS         ,07720,"(('M', '11:00 a.m.-1:00 p.m.'), ('M', '1:00 p.m.-2:00 p.m.'))",DMC 4.206DMC 4.206,Face-to-face,,open; reserved,Independent Inquiry,
P R  377K INTEGRATED COMM CAMPAIGNS         ,07725,"(('M', '11:00 a.m.-1:00 p.m.'), ('T', '1:00 p.m.-2:00 p.m.'))",DMC 4.206DMC 4.206,Face-to-face,,open; reserved,Independent Inquiry,
P R  377K INTEGRATED COMM CAMPAIGNS         ,07730,"(('M', '11:00 a.m.-1:00 p.m.'), ('W', '1:00 p.m.-2:00 p.m.'))",DMC 4.206DMC 4.206,Face-to-face,,open; reserved,Independent Inquiry,
P R  377K INTEGRATED COMM CAMPAIGNS         ,07735,"(('M', '11:00 a.m.-1:00 p.m.'), ('TH', '1:00 p.m.-2:00 p.m.'))",DMC 4.206DMC 4.206,Face-to-face,,open; reserved,Independent Inquiry,
P R  377K INTEGRATED COMM CAMPAIGNS         ,07740,"(('M', '11:00 a.m.-1:00 p.m.'), ('T', '2:00 p.m.-3:00 p.m.'))",DMC 4.206DMC 4.206,Face-to-face,,open; reserved,Independent Inquiry,
P R  377K INTEGRATED COMM CAMPAIGNS         ,07745,"(('M', '11:00 a.m.-1:00 p.m.'), ('W', '2:00 p.m.-3:00 p.m.'))",DMC 4.206DMC 4.206,Face-to-face,,open; reserved,Independent Inquiry,
PHY  341 7-RESEARCH METHODS: UTEACH         ,56045,"(('M', '11:00 a.m.-1:00 p.m.'), ('W', '11:00 a.m.-1:00 p.m.'))",PAI 4.08PAI 4.14,Face-to-face,"KUMAR, PAWAN",closed,Independent InquiryWritingQuantitative Reasoning,
POL  312L SECOND-YEAR POLISH II         ,42660,"(('M', '11:30 a.m.-1:00 p.m.'), ('W', '11:30 a.m.-1:00 p.m.'))",CAL 419,Hybrid or Blended,"KAMINSKA, BERNADETA",open,,
CH  204 INTRO TO CHEMICAL PRACTICE         ,49660,"(('M', '12:00 p.m.-1:00 p.m.'), ('M', '1:00 p.m.-5:00 p.m.'))",UTC 2.112AWEL 5.130,Face-to-face,"SOTELO, PAOLA",open,Quantitative Reasoning,
CH  204 INTRO TO CHEMICAL PRACTICE         ,49665,"(('M', '12:00 p.m.-1:00 p.m.'), ('M', '1:00 p.m.-5:00 p.m.'))",UTC 2.112AWEL 5.132,Face-to-face,"SOTELO, PAOLA",open,Quantitative Reasoning,
CH  204 INTRO TO CHEMICAL PRACTICE         ,49670,"(('M', '12:00 p.m.-1:00 p.m.'), ('M', '1:00 p.m.-5:00 p.m.'))",UTC 2.112AWEL 5.134,Face-to-face,"SOTELO, PAOLA",open,Quantitative Reasoning,
CH  204 INTRO TO CHEMICAL PRACTICE         ,49675,"(('M', '12:00 p.m.-1:00 p.m.'), ('M', '1:00 p.m.-5:00 p.m.'))",UTC 2.112AWEL 5.136,Face-to-face,"SOTELO, PAOLA",open,Quantitative Reasoning,
CH  204 INTRO TO CHEMICAL PRACTICE         ,49680,"(('M', '12:00 p.m.-1:00 p.m.'), ('M', '1:00 p.m.-5:00 p.m.'))",UTC 2.112AWEL 5.146,Face-to-face,"SOTELO, PAOLA",open,Quantitative Reasoning,
CH  204 INTRO TO CHEMICAL PRACTICE         ,49685,"(('M', '12:00 p.m.-1:00 p.m.'), ('T', '1:00 p.m.-5:00 p.m.'))",UTC 2.112AWEL 5.130,Face-to-face,"SOTELO, PAOLA",open,Quantitative Reasoning,
CH  204 INTRO TO CHEMICAL PRACTICE         ,49690,"(('M', '12:00 p.m.-1:00 p.m.'), ('T', '1:00 p.m.-5:00 p.m.'))",UTC 2.112AWEL 5.134,Face-to-face,"SOTELO, PAOLA",open,Quantitative Reasoning,
CH  204 INTRO TO CHEMICAL PRACTICE         ,49695,"(('M', '12:00 p.m.-1:00 p.m.'), ('T', '1:00 p.m.-5:00 p.m.'))",UTC 2.112AWEL 5.136,Face-to-face,"SOTELO, PAOLA",open,Quantitative Reasoning,
CH  204 INTRO TO CHEMICAL PRACTICE         ,49700,"(('M', '12:00 p.m.-1:00 p.m.'), ('T', '1:00 p.m.-5:00 p.m.'))",UTC 2.112AWEL 5.146,Face-to-face,"SOTELO, PAOLA",open,Quantitative Reasoning,
CH  204 INTRO TO CHEMICAL PRACTICE         ,49705,"(('M', '12:00 p.m.-1:00 p.m.'), ('W', '1:00 p.m.-5:00 p.m.'))",UTC 2.112AWEL 5.130,Face-to-face,"SOTELO, PAOLA",open,Quantitative Reasoning,
CH  204 INTRO TO CHEMICAL PRACTICE         ,49710,"(('M', '12:00 p.m.-1:00 p.m.'), ('W', '1:00 p.m.-5:00 p.m.'))",UTC 2.112AWEL 5.132,Face-to-face,"SOTELO, PAOLA",open,Quantitative Reasoning,
CH  204 INTRO TO CHEMICAL PRACTICE         ,49715,"(('M', '12:00 p.m.-1:00 p.m.'), ('W', '1:00 p.m.-5:00 p.m.'))",UTC 2.112AWEL 5.134,Face-to-face,"SOTELO, PAOLA",open,Quantitative Reasoning,
CH  204 INTRO TO CHEMICAL PRACTICE         ,49725,"(('M', '12:00 p.m.-1:00 p.m.'), ('W', '1:00 p.m.-5:00 p.m.'))",UTC 2.112AWEL 5.146,Face-to-face,"SOTELO, PAOLA",open,Quantitative Reasoning,
CH  204 INTRO TO CHEMICAL PRACTICE         ,49730,"(('M', '12:00 p.m.-1:00 p.m.'), ('TH', '1:00 p.m.-5:00 p.m.'))",UTC 2.112AWEL 5.130,Face-to-face,"SOTELO, PAOLA",open,Quantitative Reasoning,
CH  204 INTRO TO CHEMICAL PRACTICE         ,49735,"(('M', '12:00 p.m.-1:00 p.m.'), ('TH', '1:00 p.m.-5:00 p.m.'))",UTC 2.112AWEL 5.132,Face-to-face,"SOTELO, PAOLA",open,Quantitative Reasoning,
CH  204 INTRO TO CHEMICAL PRACTICE         ,49740,"(('M', '12:00 p.m.-1:00 p.m.'), ('TH', '1:00 p.m.-5:00 p.m.'))",UTC 2.112AWEL 5.134,Face-to-face,"SOTELO, PAOLA",open,Quantitative Reasoning,
CH  204 INTRO TO CHEMICAL PRACTICE         ,49745,"(('M', '12:00 p.m.-1:00 p.m.'), ('TH', '1:00 p.m.-5:00 p.m.'))",UTC 2.112AWEL 5.136,Face-to-face,"SOTELO, PAOLA",open,Quantitative Reasoning,
CH  204 INTRO TO CHEMICAL PRACTICE         ,49750,"(('M', '12:00 p.m.-1:00 p.m.'), ('TH', '1:00 p.m.-5:00 p.m.'))",UTC 2.112AWEL 5.146,Face-to-face,"SOTELO, PAOLA",open,Quantitative Reasoning,
CH  204 INTRO TO CHEMICAL PRACTICE         ,49755,"(('M', '12:00 p.m.-1:00 p.m.'), ('F', '1:00 p.m.-5:00 p.m.'))",UTC 2.112AWEL 5.130,Face-to-face,"SOTELO, PAOLA",open,Quantitative Reasoning,
CH  204 INTRO TO CHEMICAL PRACTICE         ,49760,"(('M', '12:00 p.m.-1:00 p.m.'), ('F', '1:00 p.m.-5:00 p.m.'))",UTC 2.112AWEL 5.132,Face-to-face,"SOTELO, PAOLA",open,Quantitative Reasoning,
CH  204 INTRO TO CHEMICAL PRACTICE         ,49765,"(('M', '12:00 p.m.-1:00 p.m.'), ('F', '1:00 p.m.-5:00 p.m.'))",UTC 2.112AWEL 5.134,Face-to-face,"SOTELO, PAOLA",open,Quantitative Reasoning,
CH  204 INTRO TO CHEMICAL PRACTICE         ,49775,"(('M', '12:00 p.m.-1:00 p.m.'), ('F', '1:00 p.m.-5:00 p.m.'))",UTC 2.112AWEL 5.146,Face-to-face,"SOTELO, PAOLA",open,Quantitative Reasoning,
N  396J ADVANCED HEALTH ASSESSMENT         ,57795,"(('M', '12:00 p.m.-2:00 p.m.'), ('M', '2:00 p.m.-4:00 p.m.'))",NUR 1.118NUR 4.102,Hybrid or Blended,"GOODSPEED, KARA MPAPERMASTER, AMY",open; reserved,,
N  396J ADVANCED HEALTH ASSESSMENT         ,57800,"(('M', '12:00 p.m.-2:00 p.m.'), ('M', '2:00 p.m.-4:00 p.m.'))",NUR 1.118NUR 4.102,Hybrid or Blended,"GUEVARA, HENRYPAPERMASTER, AMY",open,,
I  301 INTRODUCTION TO INFORMATICS         ,27345,"(('M', '12:30 p.m.-2:00 p.m.'), ('W', '12:30 p.m.-2:00 p.m.'))",UTC 4.122SZB 2.418,Face-to-face,"SLOTA, STEPHEN",open; reserved,,
I  301 INTRODUCTION TO INFORMATICS         ,27350,"(('M', '12:30 p.m.-2:00 p.m.'), ('F', '12:30 p.m.-2:00 p.m.'))",UTC 4.122SZB 2.418,Face-to-face,"SLOTA, STEPHEN",open,,
BME  261L DEVEL/ANALYSIS IN BME DESIGN         ,14925,"(('M', '1:00 p.m.-2:00 p.m.'), ('W', '1:00 p.m.-4:00 p.m.'))",WEL 1.316BME 3.310,Face-to-face,"PUPERI, DANIEL",open; reserved,,
BME  261L DEVEL/ANALYSIS IN BME DESIGN         ,14930,"(('M', '1:00 p.m.-2:00 p.m.'), ('F', '1:00 p.m.-4:00 p.m.'))",WEL 1.316BME 3.310,Face-to-face,"PUPERI, DANIEL",open; reserved,,
BME  261L DEVEL/ANALYSIS IN BME DESIGN         ,14935,"(('M', '1:00 p.m.-2:00 p.m.'), ('M', '2:00 p.m.-5:00 p.m.'))",WEL 1.316BME 3.310,Face-to-face,"PUPERI, DANIEL",open; reserved,,
BME  261L DEVEL/ANALYSIS IN BME DESIGN         ,14940,"(('M', '1:00 p.m.-2:00 p.m.'), ('T', '2:00 p.m.-5:00 p.m.'))",WEL 1.316BME 3.310,Face-to-face,"PUPERI, DANIEL",open; reserved,,
BME  261L DEVEL/ANALYSIS IN BME DESIGN         ,14945,"(('M', '1:00 p.m.-2:00 p.m.'), ('TH', '2:00 p.m.-5:00 p.m.'))",WEL 1.316BME 3.310,Face-to-face,"PUPERI, DANIEL",open; reserved,,
BME  261L DEVEL/ANALYSIS IN BME DESIGN         ,14950,"(('M', '1:00 p.m.-2:00 p.m.'), ('T', '5:00 p.m.-8:00 p.m.'))",WEL 1.316BME 3.310,Face-to-face,"PUPERI, DANIEL",open,,
COM  330H HONORS CAPSTONE         ,06615,"(('M', '1:00 p.m.-2:00 p.m.'), ('W', '1:00 p.m.-2:00 p.m.'))",CMA 6.170,Hybrid or Blended,"JUNKER, DAVID S",open; reserved,WritingIndependent Inquiry,
COM  679HB HONORS THESIS         ,06675,"(('M', '1:00 p.m.-2:00 p.m.'), ('W', '1:00 p.m.-2:00 p.m.'))",CMA 6.170,Hybrid or Blended,"JUNKER, DAVID S",open,Independent InquiryWriting,
KIN  357 STRATEGIC MGMT OF SPORTS ORGS         ,12700,"(('M', '1:00 p.m.-3:00 p.m.'), ('W', '1:00 p.m.-2:00 p.m.'))",BEL 602BBEL 602B,Face-to-face,"BOWERS, MATTHEW",open; reserved,Independent Inquiry,
KIN  357 STRATEGIC MGMT OF SPORTS ORGS         ,12705,"(('M', '1:00 p.m.-3:00 p.m.'), ('W', '2:00 p.m.-3:00 p.m.'))",BEL 602BBEL 602B,Face-to-face,"BOWERS, MATTHEW",open; reserved,Independent Inquiry,
LAW  487F ADVCY PRAC/THRY NEW MILLENNM         ,28390,"(('M', '1:00 p.m.-3:00 p.m.'), ('T', '1:00 p.m.-3:00 p.m.'))",TNH 3.142TNH 3.140,Face-to-face,"GOLDEN, MIKE",open; reserved,,
PHM  186V PHARMACY PRACTICE LAB VI         ,58740,"(('M', '1:00 p.m.-2:00 p.m.'), ('T', '2:00 p.m.-5:00 p.m.'))",PHR 3.106PHR 3.106,Face-to-face,"CATANZANO, SAMANTHA MARIEFREI, CHRISTOPHER R",open,,
PHM  186V PHARMACY PRACTICE LAB VI         ,58745,"(('M', '1:00 p.m.-2:00 p.m.'), ('TH', '2:00 p.m.-5:00 p.m.'))",PHR 3.106PHR 3.106,Face-to-face,"CATANZANO, SAMANTHA MARIEFREI, CHRISTOPHER R",open,,
PHM  186V PHARMACY PRACTICE LAB VI-S A         ,58750,"(('M', '1:00 p.m.-2:00 p.m.'), ('TH', '2:00 p.m.-5:00 p.m.'))",PSA 2.108PSA 2.108,Two-way Interactive Video,"CATANZANO, SAMANTHA MARIEFREI, CHRISTOPHER R",open,,
POL  507 FIRST-YEAR POLISH II         ,42655,"(('M', '1:00 p.m.-2:00 p.m.'), ('TTH', '12:30 p.m.-2:00 p.m.'), ('W', '1:00 p.m.-2:00 p.m.'))",CAL 419CAL 323,Hybrid or Blended,"KAMINSKA, BERNADETA",open,,
PSY  389L THEORY/TECH OF ASSESSMENT II         ,41475,"(('M', '1:00 p.m.-4:00 p.m.'), ('TH', '1:00 p.m.-4:00 p.m.'))",SEA 2.128SEA 2.128,Face-to-face,"PANZARELLA, CATHERINE",open; reserved,,
RTF  343 PRODUCING THE TV PILOT         ,09380,"(('M', '1:00 p.m.-4:00 p.m.'), ('TH', '6:00 p.m.-9:00 p.m.'))",CMB 4.116CMB 4.116,Face-to-face,"SMITH, DWAIN Y",open; reserved,,
RTF  881KB PRINCIPLES OF FILM AND TV PROD         ,09740,"(('M', '1:00 p.m.-5:00 p.m.'), ('W', '1:00 p.m.-5:00 p.m.'))",CMB 4.118CMB 4.126,Face-to-face,"SHEA, ANDREW B",open; reserved,,
BCH  219L INTRO BIOCHM LAB PRACTS/SKILLS         ,54220,"(('M', '2:00 p.m.-3:00 p.m.'), ('W', '8:00 a.m.-12:00 p.m.'))",JGB 2.216BME 2.306,Face-to-face,"VINES, AMANDA J",open; reserved,,
BCH  219L INTRO BIOCHM LAB PRACTS/SKILLS         ,54225,"(('M', '2:00 p.m.-3:00 p.m.'), ('W', '1:30 p.m.-5:30 p.m.'))",JGB 2.216BME 2.306,Face-to-face,"VINES, AMANDA J",open,,
BCH  219L INTRO BIOCHM LAB PRACTS/SKILLS         ,54230,"(('M', '2:00 p.m.-3:00 p.m.'), ('TH', '8:00 a.m.-12:00 p.m.'))",JGB 2.216BME 2.306,Face-to-face,"VINES, AMANDA J",open,,
BCH  219L INTRO BIOCHM LAB PRACTS/SKILLS         ,54235,"(('M', '2:00 p.m.-3:00 p.m.'), ('F', '8:00 a.m.-12:00 p.m.'))",JGB 2.216BME 2.306,Face-to-face,"VINES, AMANDA J",open; reserved,,
BCH  219L INTRO BIOCHM LAB PRACTS/SKILLS         ,54240,"(('M', '2:00 p.m.-3:00 p.m.'), ('F', '1:00 p.m.-5:00 p.m.'))",JGB 2.216BME 2.306,Face-to-face,"VINES, AMANDA J",open,,
BIO  325L LAB EXPERIENCE IN GENETICS         ,48125,"(('M', '2:00 p.m.-3:00 p.m.'), ('T', '9:00 a.m.-1:00 p.m.'))",WEL 1.308PAI 1.40,Face-to-face,"BRUNER, KATHERINE MSCHOBERLE, TAYLOR JANE",open; reserved,Independent InquiryQuantitative ReasoningWriting,
BIO  325L LAB EXPERIENCE IN GENETICS         ,48130,"(('M', '2:00 p.m.-3:00 p.m.'), ('W', '9:00 a.m.-1:00 p.m.'))",WEL 1.308PAI 1.44,Face-to-face,"BRUNER, KATHERINE MSCHOBERLE, TAYLOR JANE",open; reserved,Independent InquiryQuantitative ReasoningWriting,
BIO  325L LAB EXPERIENCE IN GENETICS         ,48135,"(('M', '2:00 p.m.-3:00 p.m.'), ('T', '1:30 p.m.-5:30 p.m.'))",WEL 1.308PAI 1.40,Face-to-face,"BRUNER, KATHERINE MSCHOBERLE, TAYLOR JANE",open; reserved,Independent InquiryQuantitative ReasoningWriting,
BIO  325L LAB EXPERIENCE IN GENETICS         ,48140,"(('M', '2:00 p.m.-3:00 p.m.'), ('T', '1:30 p.m.-5:30 p.m.'))",WEL 1.308PAI 1.44,Face-to-face,"BRUNER, KATHERINE MSCHOBERLE, TAYLOR JANE",open; reserved,Independent InquiryQuantitative ReasoningWriting,
BIO  325L LAB EXPERIENCE IN GENETICS         ,48145,"(('M', '2:00 p.m.-3:00 p.m.'), ('W', '1:30 p.m.-5:30 p.m.'))",WEL 1.308PAI 1.40,Face-to-face,"BRUNER, KATHERINE MSCHOBERLE, TAYLOR JANE",open; reserved,Independent InquiryQuantitative ReasoningWriting,
BIO  325L LAB EXPERIENCE IN GENETICS         ,48150,"(('M', '2:00 p.m.-3:00 p.m.'), ('W', '1:30 p.m.-5:30 p.m.'))",WEL 1.308PAI 1.44,Face-to-face,"BRUNER, KATHERINE MSCHOBERLE, TAYLOR JANE",open; reserved,Independent InquiryQuantitative ReasoningWriting,
BIO  325L LAB EXPERIENCE IN GENETICS         ,48155,"(('M', '2:00 p.m.-3:00 p.m.'), ('TH', '2:00 p.m.-6:00 p.m.'))",WEL 1.308PAI 1.40,Face-to-face,"BRUNER, KATHERINE MSCHOBERLE, TAYLOR JANE",open; reserved,Independent InquiryQuantitative ReasoningWriting,
BIO  325L LAB EXPERIENCE IN GENETICS         ,48160,"(('M', '2:00 p.m.-3:00 p.m.'), ('TH', '2:00 p.m.-6:00 p.m.'))",WEL 1.308PAI 1.44,Face-to-face,"BRUNER, KATHERINE MSCHOBERLE, TAYLOR JANE",open; reserved,Independent InquiryQuantitative ReasoningWriting,
BIO  325L LAB EXPERIENCE IN GENETICS         ,48165,"(('M', '2:00 p.m.-3:00 p.m.'), ('T', '6:00 p.m.-10:00 p.m.'))",WEL 1.308PAI 1.40,Face-to-face,"BRUNER, KATHERINE MSCHOBERLE, TAYLOR JANE",open; reserved,Independent InquiryQuantitative ReasoningWriting,
BIO  325L LAB EXPERIENCE IN GENETICS         ,48170,"(('M', '2:00 p.m.-3:00 p.m.'), ('W', '6:00 p.m.-10:00 p.m.'))",WEL 1.308PAI 1.40,Face-to-face,"BRUNER, KATHERINE MSCHOBERLE, TAYLOR JANE",open; reserved,Independent InquiryQuantitative ReasoningWriting,
BIO  325L LAB EXPERIENCE IN GENETICS         ,48175,"(('M', '2:00 p.m.-3:00 p.m.'), ('W', '6:00 p.m.-10:00 p.m.'))",WEL 1.308PAI 1.44,Face-to-face,"BRUNER, KATHERINE MSCHOBERLE, TAYLOR JANE",open; reserved,Independent InquiryQuantitative ReasoningWriting,
BIO  226L GENERAL MICROBIOLOGY LAB         ,48190,"(('M', '2:00 p.m.-3:00 p.m.'), ('T', '11:00 a.m.-2:00 p.m.'))",BUR 106BME 2.106,Face-to-face,"CAMBRONNE, ERIC D",open; reserved,,
BIO  226L GENERAL MICROBIOLOGY LAB         ,48195,"(('M', '2:00 p.m.-3:00 p.m.'), ('T', '11:00 a.m.-2:00 p.m.'))",BUR 106BME 2.204,Face-to-face,"CAMBRONNE, ERIC D",open; reserved,,
BIO  226L GENERAL MICROBIOLOGY LAB         ,48200,"(('M', '2:00 p.m.-3:00 p.m.'), ('W', '11:00 a.m.-2:00 p.m.'))",BUR 106BME 2.106,Face-to-face,"CAMBRONNE, ERIC D",open; reserved,,
BIO  226L GENERAL MICROBIOLOGY LAB         ,48205,"(('M', '2:00 p.m.-3:00 p.m.'), ('W', '11:00 a.m.-2:00 p.m.'))",BUR 106BME 2.204,Face-to-face,"CAMBRONNE, ERIC D",open; reserved,,
BIO  226L GENERAL MICROBIOLOGY LAB         ,48210,"(('M', '2:00 p.m.-3:00 p.m.'), ('TH', '11:00 a.m.-2:00 p.m.'))",BUR 106BME 2.106,Face-to-face,"CAMBRONNE, ERIC D",open; reserved,,
BIO  226L GENERAL MICROBIOLOGY LAB         ,48215,"(('M', '2:00 p.m.-3:00 p.m.'), ('TH', '11:00 a.m.-2:00 p.m.'))",BUR 106BME 2.204,Face-to-face,"CAMBRONNE, ERIC D",open; reserved,,
BIO  226L GENERAL MICROBIOLOGY LAB         ,48220,"(('M', '2:00 p.m.-3:00 p.m.'), ('T', '3:00 p.m.-6:00 p.m.'))",BUR 106BME 2.106,Face-to-face,"CAMBRONNE, ERIC D",open; reserved,,
BIO  226L GENERAL MICROBIOLOGY LAB         ,48225,"(('M', '2:00 p.m.-3:00 p.m.'), ('T', '3:00 p.m.-6:00 p.m.'))",BUR 106BME 2.204,Face-to-face,"CAMBRONNE, ERIC D",open; reserved,,
BIO  226L GENERAL MICROBIOLOGY LAB         ,48230,"(('M', '2:00 p.m.-3:00 p.m.'), ('W', '3:00 p.m.-6:00 p.m.'))",BUR 106BME 2.106,Face-to-face,"CAMBRONNE, ERIC D",open; reserved,,
BIO  226L GENERAL MICROBIOLOGY LAB         ,48235,"(('M', '2:00 p.m.-3:00 p.m.'), ('W', '3:00 p.m.-6:00 p.m.'))",BUR 106BME 2.204,Face-to-face,"CAMBRONNE, ERIC D",open; reserved,,
BIO  226L GENERAL MICROBIOLOGY LAB         ,48240,"(('M', '2:00 p.m.-3:00 p.m.'), ('TH', '3:00 p.m.-6:00 p.m.'))",BUR 106BME 2.106,Face-to-face,"CAMBRONNE, ERIC D",open; reserved,,
BIO  226L GENERAL MICROBIOLOGY LAB         ,48245,"(('M', '2:00 p.m.-3:00 p.m.'), ('TH', '3:00 p.m.-6:00 p.m.'))",BUR 106BME 2.204,Face-to-face,"CAMBRONNE, ERIC D",open; reserved,,
CH  128K ORGANIC CHEMISTRY LABORATORY         ,50105,"(('M', '2:00 p.m.-3:00 p.m.'), ('M', '3:00 p.m.-6:00 p.m.'))",CAL 100NHB 1.102,Face-to-face,"FJETLAND, CONRAD R",open; reserved,,
CH  128K ORGANIC CHEMISTRY LABORATORY         ,50110,"(('M', '2:00 p.m.-3:00 p.m.'), ('M', '3:00 p.m.-6:00 p.m.'))",CAL 100NHB 1.106,Face-to-face,"FJETLAND, CONRAD R",open; reserved,,
CH  128K ORGANIC CHEMISTRY LABORATORY         ,50115,"(('M', '2:00 p.m.-3:00 p.m.'), ('M', '3:00 p.m.-6:00 p.m.'))",CAL 100NHB 1.110,Face-to-face,"FJETLAND, CONRAD R",open; reserved,,
CH  128K ORGANIC CHEMISTRY LABORATORY         ,50120,"(('M', '2:00 p.m.-3:00 p.m.'), ('M', '3:00 p.m.-6:00 p.m.'))",CAL 100NHB 1.116,Face-to-face,"FJETLAND, CONRAD R",open; reserved,,
CH  128K ORGANIC CHEMISTRY LABORATORY         ,50125,"(('M', '2:00 p.m.-3:00 p.m.'), ('M', '3:00 p.m.-6:00 p.m.'))",CAL 100NHB 1.118,Face-to-face,"FJETLAND, CONRAD R",open; reserved,,
CH  128K ORGANIC CHEMISTRY LABORATORY         ,50130,"(('M', '2:00 p.m.-3:00 p.m.'), ('M', '3:00 p.m.-6:00 p.m.'))",CAL 100NHB 1.124,Face-to-face,"FJETLAND, CONRAD R",open; reserved,,
CH  128K ORGANIC CHEMISTRY LABORATORY         ,50135,"(('M', '2:00 p.m.-3:00 p.m.'), ('M', '3:00 p.m.-6:00 p.m.'))",CAL 100NHB 1.126,Face-to-face,"FJETLAND, CONRAD R",open; reserved,,
CH  128K ORGANIC CHEMISTRY LABORATORY         ,50138,"(('M', '2:00 p.m.-3:00 p.m.'), ('M', '6:30 p.m.-10:30 p.m.'))",CAL 100NHB 1.116A,Face-to-face,"FJETLAND, CONRAD R",open; reserved,,
CH  128K ORGANIC CHEMISTRY LABORATORY         ,50139,"(('M', '2:00 p.m.-3:00 p.m.'), ('M', '6:30 p.m.-10:00 p.m.'))",CAL 100NHB 1.126A,Face-to-face,"FJETLAND, CONRAD R",open; reserved,,
MSE  360M EXPERIMENTS IN MSE         ,17800,"(('M', '2:00 p.m.-5:00 p.m.'), ('W', '2:00 p.m.-5:00 p.m.'))",ETC 8.156ETC 8.156,Face-to-face,"MCCALLISTER, JEREMIAH",open,,
N  277P CLINICAL CARE MANAGEMENT PRAC         ,57340,"(('M', '2:00 p.m.-10:00 p.m.'), ('M', '1:00 p.m.-2:00 p.m.'))",NUR 5.150,Face-to-face,"GAMEZ, YURI DBRUNGOT, LARISSA KAY",open; reserved,,
N  396J ADVANCED HEALTH ASSESSMENT         ,57805,"(('M', '2:00 p.m.-4:00 p.m.'), ('M', '12:00 p.m.-2:00 p.m.'))",NUR 4.118NUR 1.118,Hybrid or Blended,"PAPERMASTER, AMYGRIMES, DARLA A",open,,
N  396J ADVANCED HEALTH ASSESSMENT         ,57810,"(('M', '2:00 p.m.-4:00 p.m.'), ('M', '12:00 p.m.-2:00 p.m.'))",NUR 4.120NUR 1.118,Hybrid or Blended,"CUEVAS, HEATHER E",open,,
RTF  341C AUDIO PRODUCTION         ,09364,"(('M', '2:00 p.m.-5:00 p.m.'), ('T', '11:00 a.m.-2:00 p.m.'))",CMB 4.122CMB 4.122,Face-to-face,"PEREIRA, KOREY A",open,,
RTF  366K DEATH AND DOCUMENTARY         ,09580,"(('M', '2:00 p.m.-5:00 p.m.'), ('W', '2:00 p.m.-5:00 p.m.'))",CMB 4.118CMB 4.118,Face-to-face,"GARRISON, ANDREW S",cancelled,,
T D  354T 2-FABRIC PAINTING AND DYEING         ,26063,"(('M', '2:00 p.m.-5:00 p.m.'), ('W', '6:00 p.m.-8:00 p.m.'))",WIN 2.170WIN 2.170,Face-to-face,"AREVALO, DAVID A",open; reserved,,
T D  388J FABRIC PAINTING AND DYEING         ,26174,"(('M', '2:00 p.m.-5:00 p.m.'), ('W', '6:00 p.m.-8:00 p.m.'))",WIN 2.170WIN 2.170,Face-to-face,"AREVALO, DAVID A",open; reserved,,
N  355P ADULT HEALTH NURSING II (PRAC)         ,57140,"(('M', '2:30 p.m.-10:00 p.m.'), ('M', '1:00 p.m.-2:30 p.m.'))",NUR 5.154,Face-to-face,"THOMAS, JOSHUA M",open; reserved,Independent Inquiry,
ADV  373 INTEGRATED COMM CAMPAIGNS         ,07130,"(('M', '3:00 p.m.-5:00 p.m.'), ('T', '1:00 p.m.-2:00 p.m.'))",DMC 4.206DMC 4.206,Face-to-face,"SCOTT, TIMOTHY ANDREW",open; reserved,Independent Inquiry,
ADV  373 INTEGRATED COMM CAMPAIGNS         ,07135,"(('M', '3:00 p.m.-5:00 p.m.'), ('W', '1:00 p.m.-2:00 p.m.'))",DMC 4.206DMC 4.206,Face-to-face,"SCOTT, TIMOTHY ANDREW",open; reserved,Independent Inquiry,
ADV  373 INTEGRATED COMM CAMPAIGNS         ,07140,"(('M', '3:00 p.m.-5:00 p.m.'), ('M', '2:00 p.m.-3:00 p.m.'))",DMC 4.206DMC 4.206,Face-to-face,"SCOTT, TIMOTHY ANDREW",open; reserved,Independent Inquiry,
ADV  373 INTEGRATED COMM CAMPAIGNS         ,07145,"(('M', '3:00 p.m.-5:00 p.m.'), ('W', '2:00 p.m.-3:00 p.m.'))",DMC 4.206DMC 4.206,Face-to-face,"SCOTT, TIMOTHY ANDREW",open; reserved,Independent Inquiry,
M E  139L EXPERIMENTAL HEAT TRANSFER         ,18280,"(('M', '3:00 p.m.-4:00 p.m.'), ('W', '8:00 a.m.-10:00 a.m.'))",ECJ 1.202ETC 7.162,Face-to-face,"BAHADUR, VAIBHAV",open; reserved,,
M E  139L EXPERIMENTAL HEAT TRANSFER         ,18285,"(('M', '3:00 p.m.-4:00 p.m.'), ('M', '10:00 a.m.-12:00 p.m.'))",ECJ 1.202ETC 7.162,Face-to-face,"BAHADUR, VAIBHAV",open; reserved,,
M E  139L EXPERIMENTAL HEAT TRANSFER         ,18290,"(('M', '3:00 p.m.-4:00 p.m.'), ('W', '10:00 a.m.-12:00 p.m.'))",ECJ 1.202ETC 7.162,Face-to-face,"BAHADUR, VAIBHAV",open; reserved,,
M E  139L EXPERIMENTAL HEAT TRANSFER         ,18295,"(('M', '3:00 p.m.-4:00 p.m.'), ('F', '10:00 a.m.-12:00 p.m.'))",ECJ 1.202ETC 7.162,Face-to-face,"BAHADUR, VAIBHAV",open; reserved,,
M E  139L EXPERIMENTAL HEAT TRANSFER         ,18300,"(('M', '3:00 p.m.-4:00 p.m.'), ('M', '12:00 p.m.-2:00 p.m.'))",ECJ 1.202ETC 7.162,Face-to-face,"BAHADUR, VAIBHAV",open; reserved,,
M E  139L EXPERIMENTAL HEAT TRANSFER         ,18305,"(('M', '3:00 p.m.-4:00 p.m.'), ('W', '12:00 p.m.-2:00 p.m.'))",ECJ 1.202ETC 7.162,Face-to-face,"BAHADUR, VAIBHAV",open; reserved,,
M E  139L EXPERIMENTAL HEAT TRANSFER         ,18310,"(('M', '3:00 p.m.-4:00 p.m.'), ('TH', '12:00 p.m.-2:00 p.m.'))",ECJ 1.202ETC 7.162,Face-to-face,"BAHADUR, VAIBHAV",open; reserved,,
M E  139L EXPERIMENTAL HEAT TRANSFER         ,18315,"(('M', '3:00 p.m.-4:00 p.m.'), ('F', '12:00 p.m.-2:00 p.m.'))",ECJ 1.202ETC 7.162,Face-to-face,"BAHADUR, VAIBHAV",open; reserved,,
M E  139L EXPERIMENTAL HEAT TRANSFER         ,18320,"(('M', '3:00 p.m.-4:00 p.m.'), ('T', '12:30 p.m.-2:30 p.m.'))",ECJ 1.202ETC 7.162,Face-to-face,"BAHADUR, VAIBHAV",open; reserved,,
M E  139L EXPERIMENTAL HEAT TRANSFER         ,18325,"(('M', '3:00 p.m.-4:00 p.m.'), ('W', '2:00 p.m.-4:00 p.m.'))",ECJ 1.202ETC 7.162,Face-to-face,"BAHADUR, VAIBHAV",open; reserved,,
M E  139L EXPERIMENTAL HEAT TRANSFER         ,18330,"(('M', '3:00 p.m.-4:00 p.m.'), ('F', '2:00 p.m.-4:00 p.m.'))",ECJ 1.202ETC 7.162,Face-to-face,"BAHADUR, VAIBHAV",open; reserved,,
M E  139L EXPERIMENTAL HEAT TRANSFER         ,18335,"(('M', '3:00 p.m.-4:00 p.m.'), ('M', '4:00 p.m.-6:00 p.m.'))",ECJ 1.202ETC 7.162,Face-to-face,"BAHADUR, VAIBHAV",open; reserved,,
M E  139L EXPERIMENTAL HEAT TRANSFER         ,18340,"(('M', '3:00 p.m.-4:00 p.m.'), ('W', '4:00 p.m.-6:00 p.m.'))",ECJ 1.202ETC 7.162,Face-to-face,"BAHADUR, VAIBHAV",open; reserved,,
M E  139L EXPERIMENTAL HEAT TRANSFER         ,18345,"(('M', '3:00 p.m.-4:00 p.m.'), ('F', '4:00 p.m.-6:00 p.m.'))",ECJ 1.202ETC 7.162,Face-to-face,"BAHADUR, VAIBHAV",open; reserved,,
M E  139L EXPERIMENTAL HEAT TRANSFER         ,18350,"(('M', '3:00 p.m.-4:00 p.m.'), ('M', '6:00 p.m.-8:00 p.m.'))",ECJ 1.202ETC 7.162,Face-to-face,"BAHADUR, VAIBHAV",open; reserved,,
M E  139L EXPERIMENTAL HEAT TRANSFER         ,18355,"(('M', '3:00 p.m.-4:00 p.m.'), ('T', '6:00 p.m.-8:00 p.m.'))",ECJ 1.202ETC 7.162,Face-to-face,"BAHADUR, VAIBHAV",open; reserved,,
M E  139L EXPERIMENTAL HEAT TRANSFER         ,18360,"(('M', '3:00 p.m.-4:00 p.m.'), ('W', '6:00 p.m.-8:00 p.m.'))",ECJ 1.202ETC 7.162,Face-to-face,"BAHADUR, VAIBHAV",open; reserved,,
M E  139L EXPERIMENTAL HEAT TRANSFER         ,18365,"(('M', '3:00 p.m.-4:00 p.m.'), ('TH', '6:00 p.m.-8:00 p.m.'))",ECJ 1.202ETC 7.162,Face-to-face,"BAHADUR, VAIBHAV",open; reserved,,
P R  377K INTEGRATED COMM CAMPAIGNS         ,07695,"(('M', '3:00 p.m.-5:00 p.m.'), ('M', '1:00 p.m.-2:00 p.m.'))",DMC 4.206DMC 4.206,Face-to-face,"SCOTT, TIMOTHY ANDREW",open; reserved,Independent Inquiry,
P R  377K INTEGRATED COMM CAMPAIGNS         ,07700,"(('M', '3:00 p.m.-5:00 p.m.'), ('W', '1:00 p.m.-2:00 p.m.'))",DMC 4.206DMC 4.206,Face-to-face,"SCOTT, TIMOTHY ANDREW",open; reserved,Independent Inquiry,
P R  377K INTEGRATED COMM CAMPAIGNS         ,07705,"(('M', '3:00 p.m.-5:00 p.m.'), ('M', '2:00 p.m.-3:00 p.m.'))",DMC 4.206DMC 4.206,Face-to-face,"SCOTT, TIMOTHY ANDREW",open; reserved,Independent Inquiry,
P R  377K INTEGRATED COMM CAMPAIGNS         ,07710,"(('M', '3:00 p.m.-5:00 p.m.'), ('T', '2:00 p.m.-3:00 p.m.'))",DMC 4.206DMC 4.206,Face-to-face,"SCOTT, TIMOTHY ANDREW",open; reserved,Independent Inquiry,
P R  377K INTEGRATED COMM CAMPAIGNS         ,07715,"(('M', '3:00 p.m.-5:00 p.m.'), ('W', '2:00 p.m.-3:00 p.m.'))",DMC 4.206DMC 4.206,Face-to-face,"SCOTT, TIMOTHY ANDREW",open; reserved,Independent Inquiry,
T D  353G APPLICATION FOR REHEARSAL         ,25980,"(('M', '3:00 p.m.-7:00 p.m.'), ('S', '10:00 a.m.-2:00 p.m.'))",,Face-to-face,"FINE, HOWARD L",open; reserved,,
DES  194 5-FINAL PROJECT IN DESIGN         ,21188,"(('M', '4:00 p.m.-7:00 p.m.'), ('F', '12:00 p.m.-1:00 p.m.'))",ART 3.410ART 3.410,Face-to-face,"CUTLER, JODI M",open,,
CH  220C ORGANIC CHEMISTRY LABORATORY         ,49855,"(('M', '5:00 p.m.-6:00 p.m.'), ('TH', '8:00 a.m.-12:00 p.m.'))",WEL 2.224NHB 1.102,Face-to-face,"FJETLAND, CONRAD R",open,,
CH  220C ORGANIC CHEMISTRY LABORATORY         ,49860,"(('M', '5:00 p.m.-6:00 p.m.'), ('TH', '8:00 a.m.-12:00 p.m.'))",WEL 2.224NHB 1.106,Face-to-face,"FJETLAND, CONRAD R",open,,
CH  220C ORGANIC CHEMISTRY LABORATORY         ,49865,"(('M', '5:00 p.m.-6:00 p.m.'), ('TH', '8:00 a.m.-12:00 p.m.'))",WEL 2.224NHB 1.110,Face-to-face,"FJETLAND, CONRAD R",open,,
CH  220C ORGANIC CHEMISTRY LABORATORY         ,49870,"(('M', '5:00 p.m.-6:00 p.m.'), ('TH', '8:00 a.m.-12:00 p.m.'))",WEL 2.224NHB 1.116,Face-to-face,"FJETLAND, CONRAD R",open,,
CH  220C ORGANIC CHEMISTRY LABORATORY         ,49875,"(('M', '5:00 p.m.-6:00 p.m.'), ('TH', '8:00 a.m.-12:00 p.m.'))",WEL 2.224NHB 1.118,Face-to-face,"FJETLAND, CONRAD R",open,,
CH  220C ORGANIC CHEMISTRY LABORATORY         ,49880,"(('M', '5:00 p.m.-6:00 p.m.'), ('TH', '8:00 a.m.-12:00 p.m.'))",WEL 2.224NHB 1.124,Face-to-face,"FJETLAND, CONRAD R",open,,
CH  220C ORGANIC CHEMISTRY LABORATORY         ,49885,"(('M', '5:00 p.m.-6:00 p.m.'), ('TH', '8:00 a.m.-12:00 p.m.'))",WEL 2.224NHB 1.126,Face-to-face,"FJETLAND, CONRAD R",open,,
CH  220C ORGANIC CHEMISTRY LABORATORY         ,49890,"(('M', '5:00 p.m.-6:00 p.m.'), ('W', '2:00 p.m.-6:00 p.m.'))",WEL 2.224NHB 1.102,Face-to-face,"FJETLAND, CONRAD R",open,,
CH  220C ORGANIC CHEMISTRY LABORATORY         ,49895,"(('M', '5:00 p.m.-6:00 p.m.'), ('W', '2:00 p.m.-6:00 p.m.'))",WEL 2.224NHB 1.106,Face-to-face,"FJETLAND, CONRAD R",open,,
CH  220C ORGANIC CHEMISTRY LABORATORY         ,49900,"(('M', '5:00 p.m.-6:00 p.m.'), ('W', '2:00 p.m.-6:00 p.m.'))",WEL 2.224NHB 1.110,Face-to-face,"FJETLAND, CONRAD R",open,,
CH  220C ORGANIC CHEMISTRY LABORATORY         ,49905,"(('M', '5:00 p.m.-6:00 p.m.'), ('W', '2:00 p.m.-6:00 p.m.'))",WEL 2.224NHB 1.116,Face-to-face,"FJETLAND, CONRAD R",open,,
CH  220C ORGANIC CHEMISTRY LABORATORY         ,49910,"(('M', '5:00 p.m.-6:00 p.m.'), ('W', '2:00 p.m.-6:00 p.m.'))",WEL 2.224NHB 1.118,Face-to-face,"FJETLAND, CONRAD R",open,,
CH  220C ORGANIC CHEMISTRY LABORATORY         ,49915,"(('M', '5:00 p.m.-6:00 p.m.'), ('W', '2:00 p.m.-6:00 p.m.'))",WEL 2.224NHB 1.124,Face-to-face,"FJETLAND, CONRAD R",open,,
CH  220C ORGANIC CHEMISTRY LABORATORY         ,49920,"(('M', '5:00 p.m.-6:00 p.m.'), ('W', '2:00 p.m.-6:00 p.m.'))",WEL 2.224NHB 1.126,Face-to-face,"FJETLAND, CONRAD R",open,,
CH  220C ORGANIC CHEMISTRY LABORATORY         ,49925,"(('M', '5:00 p.m.-6:00 p.m.'), ('W', '6:30 p.m.-10:30 p.m.'))",WEL 2.224NHB 1.102,Face-to-face,"FJETLAND, CONRAD R",open,,
CH  220C ORGANIC CHEMISTRY LABORATORY         ,49930,"(('M', '5:00 p.m.-6:00 p.m.'), ('W', '6:30 p.m.-10:30 p.m.'))",WEL 2.224NHB 1.106,Face-to-face,"FJETLAND, CONRAD R",open,,
CH  220C ORGANIC CHEMISTRY LABORATORY         ,49935,"(('M', '5:00 p.m.-6:00 p.m.'), ('W', '6:30 p.m.-10:30 p.m.'))",WEL 2.224NHB 1.110,Face-to-face,"FJETLAND, CONRAD R",open,,
CH  220C ORGANIC CHEMISTRY LABORATORY         ,49940,"(('M', '5:00 p.m.-6:00 p.m.'), ('W', '6:30 p.m.-10:30 p.m.'))",WEL 2.224NHB 1.116,Face-to-face,"FJETLAND, CONRAD R",open,,
CH  220C ORGANIC CHEMISTRY LABORATORY         ,49945,"(('M', '5:00 p.m.-6:00 p.m.'), ('W', '6:30 p.m.-10:30 p.m.'))",WEL 2.224NHB 1.118,Face-to-face,"FJETLAND, CONRAD R",open,,
CH  220C ORGANIC CHEMISTRY LABORATORY         ,49950,"(('M', '5:00 p.m.-6:00 p.m.'), ('W', '6:30 p.m.-10:30 p.m.'))",WEL 2.224NHB 1.124,Face-to-face,"FJETLAND, CONRAD R",open,,
CH  220C ORGANIC CHEMISTRY LABORATORY         ,49955,"(('M', '5:00 p.m.-6:00 p.m.'), ('W', '6:30 p.m.-10:30 p.m.'))",WEL 2.224NHB 1.126,Face-to-face,"FJETLAND, CONRAD R",open,,
RTF  340 4-MULTI-CAMERA TV DIRECTING         ,09350,"(('M', '6:00 p.m.-9:00 p.m.'), ('W', '6:00 p.m.-9:00 p.m.'))",CMB 4.118CMB 4.118,Face-to-face,"SCHNEIDER, DAVID A",open; reserved,Independent Inquiry,
RTF  366K 2-NARRATIVE PRODUCTION         ,09595,"(('M', '6:00 p.m.-9:00 p.m.'), ('W', '2:00 p.m.-5:00 p.m.'))",CMB 4.126CMB 4.116,Face-to-face,,open; reserved,Independent Inquiry,
RTF  367D DIRECTING WORKSHOP         ,09615,"(('M', '6:00 p.m.-9:00 p.m.'), ('W', '2:00 p.m.-5:00 p.m.'))",CMB 4.122CMB 4.122,Face-to-face,"BARBER, MICAH ROBERT",open; reserved,Independent Inquiry,
